Poem,1,2,3,4,5,6,7,8,9,10,11,12,13,14,15,16,17,18,19,20
Poem 1,ah1,eh1,ih0,iy1,ch,er0,ay1,ih2,dh,ae1,ow1,ah0,sh,uh1,hh,ih1,iy0,aw1,aa1,ae0
Poem 2,ah1,eh1,ih0,iy1,ch,er0,ay1,dh,ae1,ow1,ah0,sh,hh,ih1,iy0,aw1,aa1,uw1,ey1,ng
Poem 3,ah1,eh1,ih0,iy1,er0,ay1,dh,ae1,ow1,ah0,sh,uh1,hh,ih1,iy0,aw1,aa1,uw1,ey1,ng
Poem 4,ah1,eh1,ih0,iy1,ch,er0,ay1,dh,ae1,ow1,ah0,sh,hh,ih1,iy0,aw1,aa1,ae0,uw1,ey1
Poem 5,ah1,eh1,ih0,iy1,ch,er0,ay1,ih2,dh,ae1,ow1,ah0,sh,hh,ih1,iy0,aw1,aa1,uw1,ey1
Poem 6,ah1,eh1,ih0,iy1,ch,er0,ay1,dh,ae1,ow1,ah0,uh1,hh,ih1,iy0,aw1,aa1,uw1,ey1,ng
Poem 7,ah1,eh1,ih0,iy1,ch,er0,ay1,dh,ae1,ow1,ah0,sh,uh1,hh,ih1,iy0,aw1,aa1,uw1,ey1
Poem 8,ah1,eh1,ih0,iy1,ch,er0,ay1,dh,ae1,ow1,ah0,hh,ih1,iy0,aw1,aa1,uw1,ey1,ng,er1
Poem 9,ah1,eh1,ih0,iy1,ch,er0,ay1,dh,ae1,ow1,ah0,sh,uh1,hh,ih1,iy0,aw1,aa1,uw1,ey1
Poem 10,ah1,eh1,ih0,iy1,ch,er0,ay1,dh,ae1,ow1,ah0,sh,uh1,hh,ih1,iy0,aw1,aa1,uw1,ey1
Poem 11,ah1,eh1,ih0,iy1,ch,er0,ay1,ih2,dh,ae1,ow1,ah0,sh,uh1,hh,ih1,iy0,aw1,aa1,uw1
Poem 12,ah1,eh1,ih0,iy1,ch,er0,ay1,dh,ae1,ow1,ah0,sh,hh,ih1,iy0,aw1,aa1,uw1,ey1,ng
Poem 13,ah1,eh1,ih0,iy1,ch,er0,ay1,dh,ae1,ow1,ah0,sh,uh1,hh,ih1,iy0,aw1,aa1,uw1,ey1
Poem 14,ah1,eh1,ih0,iy1,ch,er0,ay1,dh,ae1,ow1,ah0,sh,uh1,hh,ih1,iy0,aw1,aa1,uw1,ey1
Poem 15,ah1,eh1,ih0,iy1,ch,er0,ay1,ih2,dh,ae1,ow1,ah0,sh,hh,ih1,iy0,aw1,aa1,uw1,ey1
Poem 16,ah1,eh1,ih0,iy1,ch,er0,ay1,ih2,dh,ae1,ow1,ah0,sh,uh1,hh,ih1,iy0,aw1,aa1,uw1
Poem 17,ah1,eh1,ih0,iy1,ch,er0,ay1,dh,ae1,ow1,ah0,sh,uh1,hh,ih1,iy0,aa1,ae0,uw1,ey1
Poem 18,ah1,eh1,ih0,iy1,ch,er0,ay1,dh,ae1,ow1,ah0,sh,hh,ih1,iy0,aw1,aa1,uw1,ey1,ng
Poem 19,ah1,eh1,ih0,iy1,er0,ay1,dh,ae1,ow1,ah0,sh,hh,ih1,iy0,aw1,aa1,ae0,uw1,ey1,ng
Poem 20,ah1,eh1,ih0,iy1,ch,er0,ay1,dh,ae1,ow1,ah0,sh,uh1,hh,ih1,iy0,aw1,aa1,uw1,ey1
Poem 21,ah1,eh1,ih0,iy1,ch,er0,ay1,ih2,dh,ae1,ow1,ah0,hh,ih1,iy0,aw1,aa1,uw1,ey1,ng
Poem 22,ah1,eh1,ih0,iy1,ch,er0,ay1,dh,ae1,ow1,ah0,sh,uh1,hh,ih1,iy0,aw1,aa1,uw1,ey1
Poem 23,ah1,eh1,ih0,iy1,ch,er0,ay1,dh,ae1,ow1,ah0,uh1,hh,ih1,iy0,aa1,uw1,ey1,ng,er1
Poem 24,ah1,eh1,ih0,iy1,ch,er0,ay1,dh,ae1,ow1,ah0,sh,uh1,hh,ih1,iy0,aw1,aa1,uw1,ey1
Poem 25,ah1,eh1,ih0,iy1,ch,er0,ay1,dh,ae1,ow1,ah0,uh1,hh,ih1,iy0,aw1,aa1,uw1,ey1,ao1
Poem 26,ah1,eh1,ih0,iy1,ch,er0,ay1,dh,ae1,ow1,ah0,sh,uh1,hh,ih1,iy0,aw1,aa1,uw1,ey1
Poem 27,ah1,eh1,ih0,iy1,ch,er0,ay1,ih2,dh,ae1,ow1,ah0,sh,uh1,hh,ih1,iy0,aa1,uw1,ey1
Poem 28,ah1,eh1,ih0,iy1,ch,er0,ay1,dh,ae1,ow1,ah0,sh,hh,ih1,iy0,aw1,aa1,uw1,ey1,ng
Poem 29,ah1,eh1,ih0,iy1,ch,er0,ay1,dh,ae1,ow1,ah0,sh,uh1,hh,ih1,aw1,aa1,uw1,ey1,ng
Poem 30,ah1,eh1,ih0,iy1,ch,ay1,dh,ae1,ow1,ah0,sh,hh,ih1,iy0,aw1,aa1,uw1,ey1,ng,ao1
Poem 31,ah1,eh1,ih0,iy1,ch,er0,ay1,dh,ae1,ow1,ah0,uh1,hh,ih1,iy0,aw1,aa1,uw1,ey1,ng
Poem 32,ah1,eh1,ih0,iy1,ch,er0,ay1,dh,ae1,ow1,ah0,sh,hh,ih1,iy0,aw1,aa1,uw1,ey1,ng
Poem 33,ah1,eh1,ih0,iy1,ch,er0,ay1,dh,ae1,ow1,ah0,sh,uh1,hh,ih1,iy0,aw1,aa1,uw1,ey1
Poem 34,ah1,eh1,ih0,iy1,ch,er0,ay1,dh,ae1,ow1,ah0,sh,uh1,hh,ih1,iy0,aw1,aa1,uw1,ey1
Poem 35,ah1,eh1,ih0,iy1,ch,er0,ay1,dh,ae1,ow1,ah0,sh,hh,ih1,iy0,aw1,aa1,ae0,uw1,ey1
Poem 36,ah1,eh1,ih0,iy1,ch,er0,ay1,dh,ae1,ow1,ah0,sh,uh1,hh,ih1,iy0,aw1,aa1,ae0,uw1
Poem 37,ah1,eh1,ih0,iy1,ch,er0,ay1,dh,ae1,ow1,ah0,sh,uh1,hh,ih1,iy0,aw1,aa1,uw1,ey1
Poem 38,ah1,eh1,ih0,iy1,ch,er0,ay1,ih2,dh,ae1,ow1,ah0,sh,uh1,hh,ih1,iy0,aw1,aa1,uw1
Poem 39,ah1,eh1,ih0,iy1,ch,er0,ay1,dh,ae1,ow1,ah0,sh,hh,ih1,iy0,aw1,aa1,uw1,ey1,ng
Poem 40,ah1,eh1,ih0,iy1,er0,ay1,dh,ae1,ow1,ah0,sh,hh,ih1,iy0,aw1,aa1,uw1,ey1,ng,ay2
Poem 41,ah1,eh1,ih0,iy1,ch,er0,ay1,dh,ae1,ow1,ah0,sh,uh1,hh,ih1,iy0,aw1,aa1,uw1,ey1
Poem 42,ah1,eh1,ih0,iy1,ch,er0,ay1,dh,ae1,ow1,ah0,sh,hh,ih1,iy0,aw1,aa1,uw1,ey1,ng
Poem 43,ah1,eh1,ih0,iy1,ch,er0,ay1,ih2,dh,ae1,ow1,ah0,sh,uh1,hh,ih1,iy0,aw1,aa1,uw1
Poem 44,ah1,eh1,ih0,iy1,ch,er0,ay1,ih2,dh,ae1,ow1,ah0,sh,uh1,hh,ih1,iy0,aw1,aa1,uw1
Poem 45,ah1,eh1,ih0,iy1,er0,ay1,dh,ae1,ow1,ah0,sh,uh1,hh,ih1,iy0,aw1,aa1,uw1,ey1,ng
Poem 46,ah1,eh1,ih0,iy1,ch,er0,ay1,dh,ae1,ah0,uh1,hh,ih1,aw1,aa1,uw1,ng,er1,ao1,eh0
Poem 47,ah1,eh1,ih0,iy1,ch,er0,ay1,dh,ae1,ow1,ah0,sh,uh1,hh,ih1,iy0,aw1,aa1,uw1,ey1
Poem 48,ah1,eh1,ih0,iy1,ch,er0,ay1,dh,ae1,ow1,ah0,sh,uh1,hh,ih1,iy0,aw1,aa1,uw1,ey1
Poem 49,ah1,eh1,ih0,iy1,er0,ay1,dh,ae1,ow1,ah0,sh,hh,ih1,iy0,aw1,aa1,ae0,uw1,ey1,ng
Poem 50,ah1,eh1,ih0,iy1,ch,er0,ay1,dh,ae1,ow1,ah0,sh,uh1,hh,ih1,iy0,aw1,aa1,uw1,ey1
Poem 51,ah1,eh1,ih0,iy1,er0,ay1,dh,ae1,ow1,ah0,sh,uh1,hh,ih1,iy0,aw1,aa1,uw1,ey1,ng
Poem 52,ah1,eh1,ih0,iy1,ch,er0,ay1,dh,ae1,ow1,ah0,sh,hh,ih1,iy0,aw1,aa1,uw1,ey1,ng
Poem 53,ah1,eh1,ih0,iy1,ch,er0,ay1,ih2,dh,ae1,ow1,ah0,sh,hh,ih1,iy0,aw1,aa1,uw1,ey1
Poem 54,ah1,eh1,ih0,iy1,ch,er0,ay1,dh,ae1,ow1,ah0,sh,uh1,hh,ih1,iy0,aw1,aa1,uw1,ey1
Poem 55,ah1,eh1,ih0,iy1,ch,er0,ay1,dh,ae1,ow1,ah0,sh,hh,ih1,iy0,aw1,aa1,uw1,ey1,ng
Poem 56,ah1,eh1,ih0,iy1,ch,er0,ay1,dh,ae1,ow1,ah0,sh,uh1,hh,ih1,iy0,aw1,aa1,ae0,uw1
Poem 57,ah1,eh1,ih0,iy1,ch,er0,ay1,dh,ae1,ow1,ah0,sh,uh1,hh,ih1,iy0,aw1,aa1,uw1,ey1
Poem 58,ah1,eh1,ih0,iy1,ch,er0,ay1,dh,ae1,ow1,ah0,sh,uh1,hh,ih1,iy0,aw1,aa1,uw1,ey1
Poem 59,ah1,eh1,ih0,iy1,ch,er0,ay1,ih2,dh,ae1,ow1,ah0,sh,uh1,hh,ih1,aw1,aa1,ae0,uw1
Poem 60,ah1,eh1,ih0,iy1,ch,er0,ay1,dh,ae1,ow1,ah0,sh,uh1,hh,ih1,iy0,aw1,aa1,ae0,uw1
Poem 61,ah1,eh1,ih0,iy1,ch,er0,ay1,ih2,dh,ae1,ow1,ah0,sh,uh1,hh,ih1,iy0,aw1,aa1,uw1
Poem 62,ah1,eh1,ih0,iy1,ch,er0,ay1,ih2,dh,ae1,ow1,ah0,sh,hh,ih1,iy0,aw1,aa1,ae0,uw1
Poem 63,ah1,eh1,ih0,iy1,ch,er0,ay1,ih2,dh,ae1,ow1,ah0,sh,uh1,hh,ih1,iy0,aw1,aa1,uw1
Poem 64,ah1,eh1,ih0,iy1,ch,er0,ay1,ih2,dh,ae1,ow1,ah0,sh,hh,ih1,iy0,aw1,aa1,ae0,uw1
Poem 65,ah1,eh1,ih0,iy1,ch,er0,ay1,ih2,dh,ae1,ow1,ah0,sh,uh1,hh,ih1,iy0,aw1,aa1,uw1
Poem 66,ah1,eh1,ih0,iy1,ch,er0,ay1,dh,ae1,ow1,ah0,sh,uh1,hh,ih1,iy0,aa1,uw1,ey1,ng
Poem 67,ah1,eh1,ih0,iy1,ch,er0,ay1,ih2,dh,ae1,ow1,ah0,sh,uh1,hh,ih1,iy0,aw1,aa1,ae0
Poem 68,ah1,eh1,ih0,iy1,ch,er0,ay1,ih2,dh,ae1,ow1,ah0,sh,hh,ih1,iy0,aw1,aa1,ae0,uw1
Poem 69,ah1,eh1,ih0,iy1,er0,ay1,dh,ae1,ow1,ah0,sh,uh1,hh,ih1,iy0,aw1,aa1,uw1,ey1,ng
Poem 70,ah1,eh1,ih0,iy1,ch,er0,ay1,dh,ae1,ow1,ah0,sh,uh1,hh,ih1,iy0,aw1,aa1,uw1,ey1
Poem 71,ah1,eh1,ih0,iy1,ch,er0,ay1,dh,ae1,ow1,ah0,sh,uh1,hh,ih1,iy0,aw1,aa1,uw1,ey1
Poem 72,ah1,eh1,ih0,iy1,ch,er0,ay1,ih2,dh,ae1,ow1,ah0,sh,uh1,hh,ih1,iy0,aa1,uw1,ey1
Poem 73,ah1,eh1,ih0,iy1,ch,er0,ay1,dh,ae1,ow1,ah0,sh,hh,ih1,aw1,aa1,uw1,ey1,ng,ay2
Poem 74,ah1,eh1,ih0,iy1,ch,er0,ay1,dh,ae1,ow1,ah0,sh,hh,ih1,iy0,aw1,aa1,uw1,ey1,ng
Poem 75,ah1,eh1,ih0,iy1,ch,er0,ay1,dh,ae1,ow1,ah0,sh,uh1,hh,ih1,aw1,aa1,uw1,ey1,ng
Poem 76,ah1,eh1,ih0,iy1,ch,er0,ay1,ih2,dh,ae1,ow1,ah0,sh,ih1,iy0,aw1,aa1,uw1,ey1,ng
Poem 77,ah1,eh1,ih0,iy1,ch,er0,ay1,ih2,dh,ae1,ow1,ah0,sh,uh1,hh,ih1,iy0,aw1,aa1,uw1
Poem 78,ah1,eh1,ih0,iy1,ch,er0,ay1,ih2,dh,ae1,ow1,ah0,hh,ih1,iy0,aw1,aa1,uw1,ey1,ng
Poem 79,ah1,eh1,ih0,iy1,ch,er0,ay1,ih2,dh,ae1,ow1,ah0,sh,hh,ih1,iy0,aw1,aa1,uw1,ey1
Poem 80,ah1,eh1,ih0,iy1,er0,ay1,ih2,dh,ae1,ow1,ah0,sh,uh1,hh,ih1,iy0,aw1,aa1,uw1,ey1
Poem 81,ah1,eh1,ih0,iy1,ch,er0,ay1,ih2,dh,ae1,ow1,ah0,sh,hh,ih1,iy0,aw1,aa1,uw1,ey1
Poem 82,ah1,eh1,ih0,iy1,ch,er0,ay1,dh,ae1,ow1,ah0,sh,uh1,hh,ih1,iy0,aw1,aa1,uw1,ey1
Poem 83,ah1,eh1,ih0,iy1,ch,er0,ay1,ih2,dh,ae1,ow1,ah0,sh,uh1,hh,ih1,iy0,aw1,aa1,uw1
Poem 84,ah1,eh1,ih0,iy1,ch,er0,ay1,dh,ae1,ow1,ah0,sh,uh1,hh,ih1,iy0,aw1,aa1,uw1,ey1
Poem 85,ah1,eh1,ih0,iy1,ch,er0,ay1,dh,ae1,ow1,ah0,sh,uh1,hh,ih1,iy0,aa1,uw1,ey1,ng
Poem 86,ah1,eh1,ih0,iy1,ch,er0,ay1,ih2,dh,ae1,ow1,ah0,sh,uh1,hh,ih1,iy0,aw1,aa1,uw1
Poem 87,ah1,eh1,ih0,iy1,ch,er0,ay1,dh,ae1,ow1,ah0,hh,ih1,iy0,aw1,aa1,uw1,ey1,ng,ay2
Poem 88,ah1,eh1,ih0,iy1,ch,er0,ay1,dh,ae1,ow1,ah0,sh,ih1,iy0,aw1,aa1,uw1,ey1,ng,ay2
Poem 89,ah1,eh1,ih0,iy1,ch,er0,ay1,dh,ae1,ow1,ah0,sh,uh1,hh,ih1,aw1,aa1,uw1,ey1,ng
Poem 90,ah1,eh1,ih0,iy1,ch,er0,ay1,dh,ae1,ow1,ah0,sh,hh,ih1,iy0,aw1,aa1,uw1,ey1,ng
Poem 91,ah1,eh1,ih0,iy1,ch,er0,ay1,dh,ae1,ow1,ah0,hh,ih1,iy0,aw1,aa1,uw1,ey1,ng,er1
Poem 92,ah1,eh1,ih0,iy1,ch,er0,ay1,dh,ae1,ow1,ah0,sh,uh1,hh,ih1,iy0,aw1,aa1,uw1,ey1
Poem 93,ah1,eh1,ih0,iy1,ch,er0,ay1,dh,ae1,ow1,ah0,sh,uh1,hh,ih1,iy0,aw1,aa1,uw1,ey1
Poem 94,ah1,eh1,ih0,iy1,ch,er0,ay1,ih2,dh,ae1,ow1,ah0,sh,hh,ih1,iy0,aw1,aa1,uw1,ey1
Poem 95,ah1,eh1,ih0,iy1,ch,er0,ay1,dh,ae1,ow1,ah0,sh,hh,ih1,iy0,aw1,aa1,uw1,ey1,ng
Poem 96,ah1,eh1,ih0,iy1,ch,er0,ay1,dh,ae1,ow1,ah0,uh1,hh,ih1,iy0,aw1,aa1,ae0,uw1,ey1
Poem 97,ah1,eh1,ih0,iy1,ch,er0,ay1,ih2,dh,ae1,ow1,ah0,sh,uh1,hh,ih1,iy0,aw1,aa1,uw1
Poem 98,ah1,eh1,ih0,iy1,er0,ay1,dh,ae1,ow1,ah0,sh,uh1,hh,ih1,iy0,aw1,uw1,ey1,ng,er1
Poem 99,ah1,eh1,ih0,iy1,ch,er0,ay1,dh,ae1,ow1,ah0,sh,uh1,hh,ih1,iy0,aw1,aa1,uw1,ey1
Poem 100,ah1,eh1,ih0,iy1,ch,er0,ay1,dh,ae1,ow1,ah0,uh1,hh,ih1,iy0,aw1,aa1,uw1,ey1,ng
Poem 101,ah1,eh1,ih0,iy1,ch,er0,ay1,dh,ae1,ow1,ah0,sh,hh,ih1,iy0,aw1,aa1,uw1,ey1,ng
Poem 102,ah1,eh1,ih0,iy1,ch,er0,ay1,dh,ae1,ow1,ah0,sh,uh1,hh,ih1,iy0,aw1,aa1,uw1,ey1
Poem 103,ah1,eh1,ih0,iy1,ch,er0,ay1,ih2,dh,ae1,ow1,ah0,sh,uh1,hh,ih1,iy0,aa1,uw1,ey1
Poem 104,ah1,eh1,ih0,iy1,ch,er0,ay1,dh,ae1,ow1,ah0,sh,uh1,hh,ih1,iy0,aw1,aa1,uw1,ey1
Poem 105,ah1,eh1,ih0,iy1,ch,er0,ay1,ih2,dh,ae1,ow1,ah0,sh,hh,ih1,iy0,aw1,aa1,uw1,ey1
Poem 106,ah1,eh1,ih0,iy1,ch,er0,ay1,dh,ae1,ow1,ah0,sh,uh1,hh,ih1,iy0,aw1,aa1,ae0,uw1
Poem 107,ah1,eh1,ih0,iy1,ch,er0,ay1,ih2,dh,ae1,ow1,ah0,sh,uh1,hh,ih1,iy0,aw1,aa1,uw1
Poem 108,ah1,eh1,ih0,iy1,ch,er0,ay1,dh,ae1,ow1,ah0,sh,uh1,hh,ih1,iy0,aw1,aa1,ae0,uw1
Poem 109,ah1,eh1,ih0,iy1,ch,er0,ay1,dh,ae1,ow1,ah0,uh1,hh,ih1,iy0,aw1,aa1,uw1,ey1,ng
Poem 110,ah1,eh1,ih0,iy1,ch,er0,ay1,dh,ae1,ow1,ah0,sh,uh1,hh,ih1,iy0,aw1,aa1,uw1,ey1
Poem 111,ah1,eh1,ih0,iy1,ch,er0,ay1,ih2,dh,ae1,ow1,ah0,sh,uh1,hh,ih1,iy0,aa1,uw1,ey1
Poem 112,ah1,eh1,ih0,iy1,ch,er0,ay1,ih2,dh,ae1,ow1,ah0,sh,uh1,hh,ih1,iy0,aw1,aa1,uw1
Poem 113,ah1,eh1,ih0,iy1,ch,er0,ay1,ih2,dh,ae1,ow1,ah0,sh,hh,ih1,iy0,aw1,aa1,uw1,ey1
Poem 114,ah1,eh1,ih0,iy1,ch,er0,ay1,ih2,dh,ae1,ow1,ah0,sh,hh,ih1,iy0,aa1,uw1,ey1,ng
Poem 115,ah1,eh1,ih0,iy1,ch,er0,ay1,ih2,dh,ae1,ow1,ah0,sh,uh1,hh,ih1,iy0,aw1,aa1,uw1
Poem 116,ah1,eh1,ih0,iy1,ch,er0,ay1,ih2,dh,ae1,ow1,ah0,sh,uh1,hh,ih1,iy0,aw1,aa1,uw1
Poem 117,ah1,eh1,ih0,iy1,ch,er0,ay1,dh,ae1,ow1,ah0,sh,uh1,hh,ih1,iy0,aw1,aa1,ae0,uw1
Poem 118,ah1,eh1,ih0,iy1,ch,er0,ay1,dh,ae1,ow1,ah0,sh,uh1,hh,ih1,iy0,aw1,aa1,ae0,uw1
Poem 119,ah1,eh1,ih0,iy1,ch,er0,ay1,ih2,dh,ae1,ow1,ah0,sh,hh,ih1,aw1,aa1,uw1,ey1,ng
Poem 120,ah1,eh1,ih0,iy1,ch,er0,ay1,dh,ae1,ow1,ah0,sh,uh1,hh,ih1,aw1,aa1,ae0,uw1,ey1
Poem 121,ah1,eh1,ih0,iy1,ch,er0,ay1,dh,ae1,ow1,ah0,sh,uh1,ih1,iy0,aw1,aa1,uw1,ey1,ng
Poem 122,ah1,eh1,ih0,iy1,ch,er0,ay1,ih2,dh,ae1,ow1,ah0,sh,uh1,hh,ih1,iy0,aa1,uw1,ey1
Poem 123,ah1,eh1,ih0,iy1,ch,er0,ay1,dh,ae1,ow1,ah0,sh,hh,ih1,aw1,aa1,ae0,uw1,ey1,ng
Poem 124,ah1,eh1,ih0,iy1,ch,er0,ay1,ih2,dh,ae1,ow1,ah0,sh,uh1,hh,ih1,iy0,aw1,aa1,uw1
Poem 125,ah1,eh1,ih0,iy1,ch,er0,ay1,ih2,dh,ae1,ow1,ah0,sh,hh,ih1,iy0,aw1,aa1,uw1,ey1
Poem 126,ah1,eh1,ih0,iy1,ch,er0,ay1,dh,ae1,ow1,ah0,sh,hh,ih1,iy0,aw1,aa1,uw1,ey1,ng
Poem 127,ah1,eh1,ih0,iy1,ch,er0,ay1,dh,ae1,ow1,ah0,sh,uh1,hh,ih1,iy0,aw1,aa1,uw1,ey1
Poem 128,ah1,eh1,ih0,iy1,ch,er0,ay1,ih2,dh,ae1,ow1,ah0,sh,uh1,hh,ih1,iy0,aw1,aa1,uw1
Poem 129,ah1,eh1,ih0,iy1,er0,ay1,dh,ae1,ow1,ah0,sh,uh1,hh,ih1,iy0,aa1,uw1,ey1,ng,er1
Poem 130,ah1,eh1,ih0,iy1,ch,er0,ay1,dh,ae1,ow1,ah0,sh,hh,ih1,iy0,aw1,aa1,uw1,ng,er1
Poem 131,ah1,eh1,ih0,iy1,er0,ay1,dh,ae1,ow1,ah0,sh,uh1,hh,ih1,iy0,aw1,aa1,uw1,ey1,ng
Poem 132,ah1,eh1,ih0,iy1,ch,er0,ay1,dh,ae1,ow1,ah0,sh,uh1,hh,ih1,iy0,aw1,aa1,uw1,ey1
Poem 133,ah1,eh1,ih0,iy1,ch,er0,ay1,dh,ae1,ow1,ah0,hh,ih1,iy0,aw1,aa1,uw1,ey1,ng,ay2
Poem 134,ah1,eh1,ih0,iy1,ch,er0,ay1,dh,ae1,ow1,ah0,hh,ih1,iy0,aw1,aa1,uw1,ey1,ay2,ao1
Poem 135,ah1,eh1,ih0,iy1,ch,er0,ay1,dh,ae1,ow1,ah0,sh,hh,ih1,aw1,aa1,ae0,uw1,ey1,ng
Poem 136,ah1,eh1,ih0,iy1,ch,er0,ay1,dh,ae1,ow1,ah0,uh1,hh,ih1,aw1,aa1,uw1,ey1,ng,ao1
Poem 137,ah1,eh1,ih0,iy1,ch,er0,ay1,dh,ae1,ow1,ah0,sh,uh1,hh,ih1,iy0,aw1,aa1,uw1,ey1
Poem 138,ah1,eh1,ih0,iy1,er0,ay1,dh,ae1,ow1,ah0,sh,hh,ih1,iy0,aw1,aa1,uw1,ey1,ng,er1
Poem 139,ah1,eh1,ih0,iy1,er0,ay1,dh,ae1,ow1,ah0,sh,uh1,hh,ih1,iy0,aw1,aa1,uw1,ey1,ng
Poem 140,ah1,eh1,ih0,iy1,ch,er0,ay1,dh,ae1,ow1,ah0,sh,uh1,hh,ih1,iy0,aw1,aa1,uw1,ey1
Poem 141,ah1,eh1,ih0,iy1,ch,er0,ay1,ih2,dh,ae1,ow1,ah0,sh,hh,ih1,iy0,aw1,aa1,uw1,ey1
Poem 142,ah1,eh1,ih0,iy1,ch,er0,ay1,dh,ae1,ow1,ah0,sh,hh,ih1,iy0,aw1,aa1,uw1,ey1,ng
Poem 143,ah1,eh1,ih0,iy1,ch,er0,ay1,dh,ae1,ow1,ah0,sh,uh1,hh,ih1,iy0,aw1,aa1,uw1,ey1
Poem 144,ah1,eh1,ih0,iy1,ch,er0,ay1,dh,ae1,ow1,ah0,sh,uh1,hh,ih1,iy0,aw1,aa1,uw1,ey1
Poem 145,ah1,eh1,ih0,iy1,ch,er0,ay1,dh,ae1,ow1,ah0,sh,hh,ih1,iy0,aw1,aa1,uw1,ey1,ng
Poem 146,ah1,eh1,ih0,iy1,ch,er0,ay1,dh,ae1,ow1,ah0,sh,hh,ih1,iy0,aw1,aa1,uw1,ey1,ng
Poem 147,ah1,eh1,ih0,iy1,ch,er0,ay1,dh,ae1,ah0,sh,uh1,hh,ih1,iy0,aw1,aa1,uw1,ey1,ng
Poem 148,ah1,eh1,ih0,iy1,ch,ay1,ih2,dh,ae1,ow1,ah0,sh,uh1,hh,ih1,iy0,aw1,aa1,uw1,ey1
Poem 149,ah1,eh1,ih0,iy1,er0,ay1,dh,ae1,ow1,ah0,sh,hh,ih1,iy0,aw1,aa1,uw1,ey1,ng,ay2
Poem 150,ah1,eh1,ih0,iy1,ch,er0,ay1,ih2,dh,ae1,ow1,ah0,sh,hh,ih1,iy0,aw1,aa1,ae0,uw1
Poem 151,ah1,eh1,ih0,iy1,ch,er0,ay1,dh,ae1,ow1,ah0,sh,hh,ih1,iy0,aw1,aa1,uw1,ey1,ng
Poem 152,ah1,eh1,ih0,iy1,ch,er0,ay1,dh,ae1,ow1,ah0,hh,ih1,iy0,aw1,aa1,uw1,ey1,ng,er1
Poem 153,ah1,eh1,ih0,iy1,ch,er0,ay1,dh,ae1,ow1,ah0,uh1,hh,ih1,iy0,aw1,aa1,ae0,uw1,ey1
Poem 154,ah1,eh1,ih0,iy1,ch,er0,ay1,dh,ae1,ow1,ah0,sh,uh1,hh,ih1,iy0,aa1,uw1,ey1,ng